# verb	tier	standalone	description	contract
status	daily	yes	4-pillar recovery briefing (or 'status short' for 1-line pulse)	lib/docs/verbs/status.md
draft	daily	yes	Scaffold blueprint from template, stamp ID & date, register in matrix	lib/docs/verbs/draft.md
refine	daily	yes	Commit an edit to an active plan's content through the plans commit engine	lib/docs/verbs/refine.md
tdd	daily	yes	Declare a plan's failure-first tests (§3 identifiers, §4 test files) before freeze	lib/docs/verbs/tdd.md
plan	daily	yes	Display educational planning switchboard or query blueprints	lib/docs/verbs/plan.md
plan-status	daily	yes	Inspect plan lane matrix or specific blueprint details	lib/docs/verbs/plan-status.md
matrix	daily	yes	Re-derive state matrix from plan Status lines ('check' to audit)	lib/docs/verbs/matrix.md
freeze	daily	yes	Lock blueprint blast radius & design into frozen backlog spec	lib/docs/verbs/freeze.md
start	daily	yes	Transition frozen blueprint to in-development and bind buffer	lib/docs/verbs/start.md
freeze-start	daily	yes	Atomically freeze blueprint and activate execution buffer	lib/docs/verbs/freeze-start.md
done	daily	yes	Archive implemented blueprint to done/ and update archival ledger	lib/docs/verbs/done.md
commit	daily	yes	Plan-bound commit helper: commit code, add attribution, record SHA in active plan	lib/docs/verbs/commit.md
active	daily	yes	Display or manage active execution plan buffer (swap, clear)	lib/docs/verbs/active.md
note	daily	yes	Inspect, stage, push, or pull general and AI Git notes	lib/docs/verbs/note.md
issue	daily	yes	Peek, allocate, close, or list issue IDs	lib/docs/verbs/issue.md
test	daily	yes	Run automated test suites across all kit components with aggregation	lib/docs/verbs/test.md
init	setup	yes	Initialize or update AAPP worktrees in current repository
install	setup	yes	Install AAPP globally into ~/.local/bin and configure PATH
upgrade	setup	yes	Upgrade global AAPP binaries & templates from upstream
develop	setup	yes	Link local development clone globally via symlinks
uninstall	setup	yes	Remove global AAPP binaries and shared directories
version	setup	yes	Show installed AAPP version (-v, --version)
help	setup	yes	Show grouped command catalog (-h, --help)
push	sync	yes	Push active worktrees (.plans, .agents, .githooks) to remote
pull	sync	yes	Pull remote updates for active worktrees with non-negotiable --ff-only
sync	sync	yes	Bi-directional sync: pull updates followed by push
pause	sync	yes	Emergency brake: quarantine in-flight changes into stashes
resume	sync	yes	Disengage brake, verify commit drift, and restore stashes
hooks	hooks	yes	Audit lifecycle hook registry and verify SHA256 integrity
hook-test	hooks	yes	Dry-run test an event trigger with mock payload
hook-run	hooks	yes	Execute a registered hook handler with specified payload
hook-hash	hooks	yes	Compute SHA256 registration hash for hook script
plugins	hooks	yes	Discover installed action plugins in .agents/skills/
ai	daily	yes	Configure or inspect AI attribution mode and credits	lib/docs/verbs/ai.md
